City_ID,City,Country,Date,Lat,Lng,Max Temp,Humidity,Cloudiness,Wind Speed
0,Bluff,NZ,2022-07-12 19:28:05,-46.6,168.3333,43.81,92,100,20.85
1,Bengkulu,ID,2022-07-12 19:28:06,-3.8004,102.2655,74.82,94,100,3.53
2,Vila Franca Do Campo,PT,2022-07-12 19:28:06,37.7167,-25.4333,72.01,90,95,9.55
3,Nikolskoye,RU,2022-07-12 19:28:06,59.7035,30.7861,69.69,96,82,6.11
4,Georgetown,MY,2022-07-12 19:24:18,5.4112,100.3354,76.95,93,40,3.44
5,Leningradskiy,RU,2022-07-12 19:28:07,69.3833,178.4167,44.73,94,100,4.21
6,Bambous Virieux,MU,2022-07-12 19:28:07,-20.3428,57.7575,71.85,64,75,16.11
7,Castro,BR,2022-07-12 19:28:08,-24.7911,-50.0119,68.41,52,0,7.47
8,Pangnirtung,CA,2022-07-12 19:28:08,66.1451,-65.7125,48.2,100,100,3.44
9,Rikitea,PF,2022-07-12 19:28:09,-23.1203,-134.9692,74.75,72,18,15.88
10,Sistranda,NO,2022-07-12 19:28:09,63.7256,8.834,57.16,85,100,18.12
11,Mar Del Plata,AR,2022-07-12 19:28:10,-38.0023,-57.5575,56.08,58,40,9.22
12,Talcahuano,CL,2022-07-12 19:28:10,-36.7167,-73.1167,53.28,100,100,11.5
13,San Juan Del Sur,NI,2022-07-12 19:28:10,11.2529,-85.8705,86.22,74,40,6.91
14,Coihaique,CL,2022-07-12 19:28:11,-45.5752,-72.0662,38.01,75,40,4.61
15,San Patricio,US,2022-07-12 19:28:11,28.017,-97.5169,100.08,39,6,14.61
16,Geraldton,AU,2022-07-12 19:27:58,-28.7667,114.6,50.41,76,0,5.75
17,Victoria,HK,2022-07-12 19:27:48,22.2855,114.1577,86.18,84,6,5.01
18,Yellowknife,CA,2022-07-12 19:28:12,62.456,-114.3525,73.92,56,75,12.66
19,Punta Arenas,CL,2022-07-12 19:28:12,-53.15,-70.9167,33.91,93,100,4.61
20,Zaria,NG,2022-07-12 19:28:13,11.1113,7.7227,75.94,77,96,4.99
21,Ushuaia,AR,2022-07-12 19:25:54,-54.8,-68.3,38.86,81,75,10.36
22,Butaritari,KI,2022-07-12 19:28:13,3.0707,172.7902,82.4,74,100,17.56
23,Inongo,CD,2022-07-12 19:28:14,-1.95,18.2667,75.72,46,93,2.15
24,Dikson,RU,2022-07-12 19:28:14,73.5069,80.5464,38.77,87,16,3.15
25,Kavaratti,IN,2022-07-12 19:28:15,10.5669,72.642,81.5,81,100,19.33
26,Hofn,IS,2022-07-12 19:28:15,64.2539,-15.2082,51.39,67,100,15.52
27,Tateyama,JP,2022-07-12 19:28:15,34.9833,139.8667,74.1,91,100,5.55
28,Hilo,US,2022-07-12 19:28:16,19.7297,-155.09,81.25,65,75,7.0
29,Kaitangata,NZ,2022-07-12 19:28:16,-46.2817,169.8464,45.36,96,100,13.06
30,Bredasdorp,ZA,2022-07-12 19:28:17,-34.5322,20.0403,50.2,85,0,4.68
31,Yerbogachen,RU,2022-07-12 19:28:17,61.2767,108.0108,42.31,80,97,2.75
32,Busselton,AU,2022-07-12 19:28:18,-33.65,115.3333,55.78,84,25,6.78
33,Mataura,NZ,2022-07-12 19:28:18,-46.1927,168.8643,43.48,98,100,5.35
34,Mao,ES,2022-07-12 19:27:37,39.8885,4.2658,81.16,61,0,5.75
35,Lagoa,PT,2022-07-12 19:28:19,39.05,-27.9833,70.23,91,11,11.63
36,Vaini,TO,2022-07-12 19:28:19,-21.2,-175.2,73.56,88,40,4.61
37,Naze,JP,2022-07-12 19:28:19,28.3667,129.4833,76.12,88,96,7.07
38,Hay River,CA,2022-07-12 19:28:20,60.8156,-115.7999,76.98,29,75,17.27
39,Cape Town,ZA,2022-07-12 19:28:20,-33.9258,18.4232,60.39,84,0,6.91
40,Kapaa,US,2022-07-12 19:28:21,22.0752,-159.319,80.92,72,75,13.8
41,Zhaotong,CN,2022-07-12 19:28:21,27.3167,103.7167,64.36,87,35,4.45
42,Hithadhoo,MV,2022-07-12 19:28:21,-0.6,73.0833,82.49,76,100,12.82
43,Tocopilla,CL,2022-07-12 19:28:22,-22.092,-70.1979,64.33,68,58,1.92
44,Avarua,CK,2022-07-12 19:28:22,-21.2078,-159.775,75.25,64,40,2.3
45,Khatanga,RU,2022-07-12 19:28:23,71.9667,102.5,37.18,95,100,10.51
46,Maceio,BR,2022-07-12 19:28:23,-9.6658,-35.7353,80.04,73,40,10.36
47,Saint-Philippe,RE,2022-07-12 19:28:24,-21.3585,55.7679,67.59,68,42,13.56
48,Mount Gambier,AU,2022-07-12 19:28:24,-37.8333,140.7667,40.98,89,3,3.27
49,Puerto Quijarro,BO,2022-07-12 19:29:24,-17.7833,-57.7667,74.48,50,99,6.04
50,Port Hardy,CA,2022-07-12 19:29:25,50.6996,-127.4199,59.18,77,75,6.91
51,Hobart,AU,2022-07-12 19:29:25,-42.8794,147.3294,44.46,83,88,8.05
52,Qaanaaq,GL,2022-07-12 19:29:26,77.484,-69.3632,43.12,68,98,4.92
53,Chuy,UY,2022-07-12 19:29:26,-33.6971,-53.4616,49.1,65,100,8.57
54,Seoul,KR,2022-07-12 19:29:27,37.5683,126.9778,78.37,91,100,8.05
55,Sao Joao Da Barra,BR,2022-07-12 19:29:27,-21.6403,-41.0511,80.69,76,63,18.92
56,Santa Cruz Del Sur,CU,2022-07-12 19:29:27,20.7147,-77.9956,86.7,65,92,7.31
57,Scarborough,GB,2022-07-12 19:25:40,54.2797,-0.4044,73.78,55,16,1.99
58,Torbay,CA,2022-07-12 19:29:28,47.6666,-52.7314,72.88,38,75,16.11
59,Atuona,PF,2022-07-12 19:29:28,-9.8,-139.0333,77.5,79,71,18.5
60,Rawson,AR,2022-07-12 19:27:05,-43.3002,-65.1023,52.07,36,81,17.09
61,Tasiilaq,GL,2022-07-12 19:29:29,65.6145,-37.6368,50.16,82,88,6.46
62,Richards Bay,ZA,2022-07-12 19:26:22,-28.783,32.0377,65.3,82,23,7.0
63,Tuatapere,NZ,2022-07-12 19:29:30,-46.1333,167.6833,42.78,96,100,6.33
64,Shar,KZ,2022-07-12 19:29:30,49.5886,81.0453,67.01,51,0,17.78
65,Jamestown,US,2022-07-12 19:29:30,42.097,-79.2353,81.01,57,75,14.97
66,Angoche,MZ,2022-07-12 19:29:31,-16.2325,39.9086,72.84,70,0,4.54
67,Uni,RU,2022-07-12 19:29:31,57.7535,51.4923,67.44,86,100,1.12
68,Emerald,AU,2022-07-12 19:29:32,-23.5333,148.1667,45.34,74,0,7.31
69,Arraial Do Cabo,BR,2022-07-12 19:29:32,-22.9661,-42.0278,84.16,69,0,5.75
70,Basco,PH,2022-07-12 19:29:33,20.4487,121.9702,85.24,76,93,18.45
71,Port Alfred,ZA,2022-07-12 19:27:59,-33.5906,26.891,58.87,71,0,10.76
72,Bugko,PH,2022-07-12 19:29:33,12.5356,124.7923,77.31,92,100,5.06
73,Thinadhoo,MV,2022-07-12 19:29:34,0.5333,72.9333,82.2,76,76,7.85
74,College,US,2022-07-12 19:29:34,64.8569,-147.8028,68.29,80,75,3.44
75,Ponta Do Sol,PT,2022-07-12 19:29:35,32.6667,-17.1,73.0,69,48,3.67
76,North Charleston,US,2022-07-12 19:29:35,32.8886,-80.0075,90.03,71,75,9.22
77,Airai,TL,2022-07-12 19:29:36,-8.9266,125.4092,52.12,86,70,2.82
78,Saldanha,ZA,2022-07-12 19:29:36,-33.0117,17.9442,48.25,78,0,7.43
79,Rio Grande,BR,2022-07-12 19:28:09,-32.035,-52.0986,53.71,68,100,15.28
80,Tiksi,RU,2022-07-12 19:29:37,71.6872,128.8694,35.29,97,100,11.21
81,Artyom,AZ,2022-07-12 19:29:37,40.4723,50.333,77.14,73,0,9.95
82,Cascais,PT,2022-07-12 19:29:37,38.6979,-9.4215,88.95,34,0,6.91
83,Kodiak,US,2022-07-12 19:29:38,57.79,-152.4072,56.71,88,100,0.0
84,Tuktoyaktuk,CA,2022-07-12 19:29:38,69.4541,-133.0374,42.8,100,100,11.5
85,Majene,ID,2022-07-12 19:29:39,-3.5403,118.9707,76.62,88,92,7.49
86,Albany,US,2022-07-12 19:29:39,42.6001,-73.9662,90.63,50,6,1.99
87,Katsuura,JP,2022-07-12 19:29:40,35.1333,140.3,74.64,92,94,5.41
88,Taltal,CL,2022-07-12 19:29:40,-25.4,-70.4833,63.7,59,22,3.2
89,Nemuro,JP,2022-07-12 19:29:40,43.3236,145.575,62.26,98,100,4.68
90,Thompson,CA,2022-07-12 19:29:41,55.7435,-97.8558,71.76,40,20,4.61
91,Boddam,GB,2022-07-12 19:29:41,57.4667,-1.7833,65.43,67,21,4.16
92,Alot,IN,2022-07-12 19:29:42,23.7667,75.55,80.11,81,98,11.9
93,Klaksvik,FO,2022-07-12 19:29:42,62.2266,-6.589,50.92,86,100,31.79
94,Jvari,GE,2022-07-12 19:30:43,42.7169,42.052,69.6,96,99,0.4
95,Puerto Ayora,EC,2022-07-12 19:30:43,-0.7393,-90.3518,76.96,83,22,7.0
96,Ongole,IN,2022-07-12 19:30:43,15.5,80.05,80.98,65,100,19.86
97,Codrington,AU,2022-07-12 19:30:44,-38.2667,141.9667,47.62,78,16,9.22
98,Isangel,VU,2022-07-12 19:30:44,-19.55,169.2667,66.31,100,50,0.0
99,Loughrea,IE,2022-07-12 19:30:45,53.1969,-8.5669,57.72,77,33,8.72
100,Madera,US,2022-07-12 19:28:56,37.1666,-119.8343,104.52,22,0,4.0
101,Komsomolskiy,UZ,2022-07-12 19:30:45,40.4272,71.7189,83.12,26,100,11.5
102,Pombia,IT,2022-07-12 19:30:46,45.653,8.6336,83.46,54,0,8.05
103,Bandarbeyla,SO,2022-07-12 19:30:46,9.4942,50.8122,76.33,84,100,30.02
104,Ribeira Grande,PT,2022-07-12 19:30:47,38.5167,-28.7,77.4,61,20,13.8
105,Sur,OM,2022-07-12 19:30:47,22.5667,59.5289,87.44,71,93,8.32
106,Port Augusta,AU,2022-07-12 19:30:48,-32.5,137.7667,42.66,89,7,2.73
107,Ketchikan,US,2022-07-12 19:30:48,55.3422,-131.6461,55.38,94,100,5.75
108,Sinnamary,GF,2022-07-12 19:30:49,5.3833,-52.95,82.11,73,90,7.36
109,Cockburn Town,TC,2022-07-12 19:30:49,21.4612,-71.1419,82.26,78,5,17.4
110,Ferme-Neuve,CA,2022-07-12 19:30:50,46.7001,-75.4493,66.83,82,74,10.42
111,Najran,SA,2022-07-12 19:30:50,17.4924,44.1277,72.25,26,100,14.41
112,Saskylakh,RU,2022-07-12 19:30:50,71.9167,114.0833,39.58,82,100,9.91
113,Santa Rosa De Viterbo,BR,2022-07-12 19:30:11,-21.4728,-47.3631,76.93,37,100,4.63
114,Hermanus,ZA,2022-07-12 19:30:51,-34.4187,19.2345,54.59,82,0,10.47
115,Carnarvon,AU,2022-07-12 19:30:52,-24.8667,113.6333,64.98,69,0,2.64
116,Kruisfontein,ZA,2022-07-12 19:30:52,-34.0033,24.7314,51.37,82,0,5.64
117,Te Anau,NZ,2022-07-12 19:30:52,-45.4167,167.7167,38.43,99,100,3.24
118,Hun,LY,2022-07-12 19:30:53,29.1268,15.9477,81.52,42,0,18.68
119,Mahebourg,MU,2022-07-12 19:30:53,-20.4081,57.7,71.89,64,75,16.11
120,New Norfolk,AU,2022-07-12 19:30:54,-42.7826,147.0587,44.1,82,90,2.48
121,Kavieng,PG,2022-07-12 19:30:54,-2.5744,150.7967,81.46,77,24,12.48
122,Yilan,TW,2022-07-12 19:30:55,24.757,121.753,84.9,99,50,3.65
123,Ormara,PK,2022-07-12 19:30:55,25.2088,64.6357,83.48,86,94,15.14
124,Finschhafen,PG,2022-07-12 19:30:55,-6.6024,147.8681,78.08,77,6,9.19
125,Port-Cartier,CA,2022-07-12 19:30:56,50.0334,-66.8654,59.22,99,100,6.89
126,Touros,BR,2022-07-12 19:30:56,-5.1989,-35.4608,78.4,76,10,13.42
127,Dayong,CN,2022-07-12 19:30:57,25.0209,118.2898,76.68,95,70,0.92
128,Karratha,AU,2022-07-12 19:30:57,-20.7377,116.8463,64.4,55,0,9.37
129,Fukue,JP,2022-07-12 19:30:57,32.6881,128.8419,77.77,82,94,3.38
130,Sarmanovo,RU,2022-07-12 19:30:58,55.2553,52.5891,77.68,69,100,4.7
131,Saint George,US,2022-07-12 19:28:04,37.1041,-113.5841,106.43,15,0,5.75
132,Rexburg,US,2022-07-12 19:28:34,43.826,-111.7897,86.43,32,0,5.75
133,Japura,ID,2022-07-12 19:30:59,-0.3167,102.35,74.75,97,100,1.5
134,Montlucon,FR,2022-07-12 19:30:59,46.3333,2.6,70.21,44,16,4.25
135,Nicoya,CR,2022-07-12 19:31:00,10.1483,-85.452,83.57,77,51,1.57
136,Berlevag,NO,2022-07-12 19:31:00,70.8578,29.0864,67.8,77,91,10.36
137,Cap Malheureux,MU,2022-07-12 19:31:00,-19.9842,57.6142,71.47,64,98,8.99
138,North Bend,US,2022-07-12 19:31:01,43.4065,-124.2243,75.24,84,75,26.46
139,Kawalu,ID,2022-07-12 19:32:01,-7.3817,108.2082,72.36,98,94,1.14
140,Haicheng,CN,2022-07-12 19:32:02,40.8516,122.7475,72.3,94,100,5.06
141,Pinawa,CA,2022-07-12 19:32:02,50.1489,-95.8811,75.97,52,10,8.25
142,Vao,NC,2022-07-12 19:32:03,-22.6667,167.4833,72.34,81,93,13.29
143,Tefe,BR,2022-07-12 19:32:03,-3.3542,-64.7114,93.31,55,40,10.36
144,Padang,ID,2022-07-12 19:32:03,-0.9492,100.3543,77.61,87,92,3.22
145,Kalamare,BW,2022-07-12 19:32:04,-22.9337,26.5703,58.03,39,5,5.79
146,Okha,RU,2022-07-12 19:32:04,53.5739,142.9478,56.34,80,0,11.16
147,Foix,FR,2022-07-12 19:32:05,42.8333,1.5833,79.5,44,5,4.36
148,Bathsheba,BB,2022-07-12 19:32:05,13.2167,-59.5167,88.41,83,40,20.71
149,Biak,ID,2022-07-12 19:32:06,-0.9131,122.8766,74.3,92,100,6.49
150,Zeya,RU,2022-07-12 19:32:06,53.75,127.2667,62.62,96,95,4.16
151,Mount Isa,AU,2022-07-12 19:32:07,-20.7333,139.5,46.17,49,5,0.0
152,Norman Wells,CA,2022-07-12 19:32:07,65.282,-126.8329,69.84,68,75,4.61
153,Deputatskiy,RU,2022-07-12 19:32:08,69.3,139.9,56.77,71,97,2.1
154,Sebring,US,2022-07-12 19:30:21,27.4956,-81.4409,95.0,50,75,4.61
155,Salta,AR,2022-07-12 19:31:10,-24.7859,-65.4117,59.59,37,0,10.36
156,Gaziantep,TR,2022-07-12 19:31:37,37.0594,37.3825,80.53,47,0,8.05
157,Praya,CV,2022-07-12 19:32:09,14.9215,-23.5087,81.14,69,0,12.66
158,Sitka,US,2022-07-12 19:32:09,57.0531,-135.33,55.29,76,75,5.75
159,Husavik,IS,2022-07-12 19:32:10,66.0449,-17.3389,42.76,95,100,19.06
160,Mae Hong Son,TH,2022-07-12 19:32:10,19.3003,97.9685,73.6,100,100,1.99
161,Varnavino,RU,2022-07-12 19:32:11,57.4035,45.0916,66.96,82,53,5.66
162,Pakxan,LA,2022-07-12 19:32:11,18.3778,103.6601,74.93,97,38,3.49
163,Meulaboh,ID,2022-07-12 19:32:11,4.1363,96.1285,76.3,85,96,6.73
164,Cabo San Lucas,MX,2022-07-12 19:29:33,22.8909,-109.9124,96.1,55,0,5.75
165,Chokurdakh,RU,2022-07-12 19:32:12,70.6333,147.9167,45.86,89,100,10.16
166,Umarkot,PK,2022-07-12 19:32:13,25.3616,69.7362,85.71,74,39,15.77
167,Adre,TD,2022-07-12 19:32:13,13.4667,22.2,80.71,54,73,4.99
168,Malakal,SS,2022-07-12 19:30:07,9.5334,31.6605,72.45,89,85,2.28
169,Somerset,US,2022-07-12 19:28:03,40.5668,-74.5496,94.24,54,75,8.05
170,Tezu,IN,2022-07-12 19:32:14,27.9167,96.1667,77.04,92,100,4.27
171,Pontecorvo,IT,2022-07-12 19:32:14,41.4616,13.6667,81.72,58,22,0.18
172,Cherskiy,RU,2022-07-12 19:32:15,68.75,161.3,53.96,67,0,13.27
173,Ulaangom,MN,2022-07-12 19:32:15,49.9811,92.0667,61.74,74,100,5.39
174,Kharp,RU,2022-07-12 19:32:16,66.8014,65.8081,53.26,85,100,3.42
175,Dehra Dun,IN,2022-07-12 19:32:16,30.3167,78.0333,77.88,76,5,3.71
176,Coquimbo,CL,2022-07-12 19:32:16,-29.9533,-71.3436,62.33,55,0,10.36
177,Kayerkan,RU,2022-07-12 19:32:17,69.3497,87.7602,44.53,87,92,11.77
178,Tabas,IR,2022-07-12 19:32:17,33.5959,56.9244,93.42,13,0,6.91
179,Kapit,MY,2022-07-12 19:32:18,2.0167,112.9333,72.77,100,90,1.59
180,Hargeysa,SO,2022-07-12 19:32:18,9.56,44.065,73.27,50,96,22.5
181,Warrnambool,AU,2022-07-12 19:32:19,-38.3833,142.4833,44.82,75,17,10.89
182,Bara,NG,2022-07-12 19:32:19,10.3744,10.7288,80.69,67,100,5.82
183,Kichera,RU,2022-07-12 19:32:20,55.9375,110.0997,55.22,81,100,1.01
184,Andenes,NO,2022-07-12 19:33:20,69.3143,16.1194,62.58,67,0,3.44
185,Ilulissat,GL,2022-07-12 19:33:20,69.2167,-51.1,44.62,87,75,4.61
186,Inirida,CO,2022-07-12 19:33:21,3.8653,-67.9239,83.25,81,72,0.49
187,High River,CA,2022-07-12 19:32:48,50.5834,-113.8687,83.32,33,99,10.2
188,Santa Rosa,PH,2022-07-12 19:33:22,14.3122,121.1114,80.58,89,88,2.08
189,Broken Hill,AU,2022-07-12 19:33:22,-31.95,141.4333,40.89,93,2,13.2
190,Mathathane,BW,2022-07-12 19:33:23,-22.2687,28.7495,63.41,47,5,9.01
191,Mataram,ID,2022-07-12 19:33:23,-8.5833,116.1167,74.21,84,92,8.55
192,Luderitz,NA,2022-07-12 19:33:23,-26.6481,15.1594,57.74,67,0,14.63
193,Ampanihy,MG,2022-07-12 19:33:24,-24.7,44.75,61.0,93,0,5.75
194,Turukhansk,RU,2022-07-12 19:33:24,65.8167,87.9833,46.9,64,100,13.06
195,Ancud,CL,2022-07-12 19:33:25,-41.8697,-73.8203,41.23,69,96,12.84
196,San Jeronimo,PE,2022-07-12 19:33:25,-11.9472,-75.2829,61.95,41,85,5.55
197,Sorong,ID,2022-07-12 19:33:26,-0.8833,131.25,75.52,93,100,5.53
198,Gornopravdinsk,RU,2022-07-12 19:33:26,60.05,69.9,64.13,70,99,5.26
199,Gabu,GW,2022-07-12 19:33:26,12.2833,-14.2167,78.48,90,73,5.64
200,Ozernovskiy,RU,2022-07-12 19:33:27,51.5,156.5167,52.84,99,99,4.14
201,Brokopondo,SR,2022-07-12 19:33:27,4.75,-55.1667,85.39,63,67,5.57
202,Sayyan,YE,2022-07-12 19:33:28,15.1718,44.3244,59.31,50,100,8.93
203,Mount Darwin,ZW,2022-07-12 19:33:28,-16.7725,31.5838,60.08,58,77,3.47
204,Ovsyanka,RU,2022-07-12 19:33:28,55.9575,92.5519,52.77,96,100,1.77
205,Uray,RU,2022-07-12 19:33:29,60.1247,64.7758,65.89,63,100,7.49
206,Ojinaga,MX,2022-07-12 19:29:33,29.5667,-104.4167,99.57,31,100,6.91
207,Huarmey,PE,2022-07-12 19:33:30,-10.0681,-78.1522,67.37,68,4,11.5
208,Taoudenni,ML,2022-07-12 19:33:30,22.6783,-3.9836,107.55,9,83,6.4
209,Aksu,CN,2022-07-12 19:33:30,41.1231,80.2644,73.0,38,71,6.46
210,Guerrero Negro,MX,2022-07-12 19:33:31,27.9769,-114.0611,72.75,65,86,14.74
211,Wolbrom,PL,2022-07-12 19:33:31,50.3796,19.7583,65.59,50,100,14.81
212,Vestmanna,FO,2022-07-12 19:33:32,62.1564,-7.1664,49.12,93,100,10.36
213,Faanui,PF,2022-07-12 19:33:32,-16.4833,-151.75,78.22,72,0,9.08
214,Mineiros,BR,2022-07-12 19:31:01,-17.5694,-52.5511,83.17,30,18,0.94
215,Zharkent,KZ,2022-07-12 19:33:33,44.1628,80.0,66.96,51,97,3.94
216,Hamilton,US,2022-07-12 19:33:33,39.1834,-84.5333,90.88,44,40,14.97
217,Leogane,HT,2022-07-12 19:33:34,18.5108,-72.6339,89.8,56,32,7.09
218,Cabedelo,BR,2022-07-12 19:33:34,-6.9811,-34.8339,83.07,80,12,11.9
219,Hobyo,SO,2022-07-12 19:33:34,5.3505,48.5268,77.45,75,65,26.26
220,Bonavista,CA,2022-07-12 19:33:35,48.6499,-53.1147,64.15,52,85,16.17
221,Alofi,NU,2022-07-12 19:33:35,-19.0595,-169.9187,75.09,83,59,12.66
222,Emirdag,TR,2022-07-12 19:33:36,39.0197,31.15,66.96,58,12,6.11
223,Krasnoselkup,RU,2022-07-12 19:33:36,65.7,82.4667,43.47,74,24,8.21
224,Faya,SA,2022-07-12 19:33:36,18.3851,42.4509,70.32,46,100,6.76
225,Hasaki,JP,2022-07-12 19:33:37,35.7333,140.8333,73.8,93,100,8.19
226,Hohoe,GH,2022-07-12 19:33:37,7.1518,0.4736,73.44,94,63,4.63
227,Shingu,JP,2022-07-12 19:33:38,33.7333,135.9833,74.28,91,43,3.8
228,Road Town,VG,2022-07-12 19:33:38,18.4167,-64.6167,89.69,70,20,11.5
229,Laguna,US,2022-07-12 19:33:39,38.421,-121.4238,98.31,36,0,11.5
230,Awjilah,LY,2022-07-12 19:33:39,29.1081,21.2869,81.21,51,0,19.19
231,Surgana,IN,2022-07-12 19:34:39,20.5667,73.6167,70.93,99,100,6.2
232,Nyrob,RU,2022-07-12 19:34:40,60.733,56.7202,65.86,87,10,4.94
233,East London,ZA,2022-07-12 19:34:36,-33.0153,27.9116,58.98,70,0,8.66
234,Dobson,US,2022-07-12 19:31:54,36.3957,-80.7226,89.28,64,75,5.75
235,Pevek,RU,2022-07-12 19:34:41,69.7008,170.3133,37.51,96,100,16.78
236,Pacific Grove,US,2022-07-12 19:34:41,36.6177,-121.9166,73.81,77,75,10.36
237,Port Elizabeth,ZA,2022-07-12 19:34:42,-33.918,25.5701,46.69,93,0,0.0
238,Aksha,RU,2022-07-12 19:34:42,50.2814,113.2867,51.67,93,56,1.92
239,Pestravka,RU,2022-07-12 19:34:42,52.405,49.9583,80.74,40,89,12.01
240,Tautira,PF,2022-07-12 19:34:43,-17.7333,-149.15,75.72,81,40,15.26
241,Tarija,BO,2022-07-12 19:34:43,-21.5355,-64.7296,66.11,39,61,8.05
242,Nouadhibou,MR,2022-07-12 19:34:44,20.931,-17.0347,71.58,83,40,19.57
243,Portland,US,2022-07-12 19:34:02,45.5234,-122.6762,90.99,42,0,10.36
244,Ambilobe,MG,2022-07-12 19:34:44,-13.2,49.05,69.17,76,4,3.85
245,Esperance,AU,2022-07-12 19:34:45,-33.8667,121.9,51.46,55,0,7.0
246,Olinda,BR,2022-07-12 19:30:59,-8.0089,-34.8553,78.53,83,75,12.66
247,Kudahuvadhoo,MV,2022-07-12 19:34:45,2.6708,72.8944,81.32,74,10,4.81
248,Northam,GB,2022-07-12 19:34:46,51.0333,-4.2167,69.62,65,100,4.68
249,Lompoc,US,2022-07-12 19:32:03,34.6391,-120.4579,85.69,66,0,11.5
250,Palana,RU,2022-07-12 19:34:46,59.1167,159.9667,60.08,81,7,9.4
251,Hervey Bay,AU,2022-07-12 19:33:45,-25.2986,152.8535,54.7,72,0,14.94
252,Paracuru,BR,2022-07-12 19:34:47,-3.41,-39.0306,82.11,78,70,12.88
253,Agadir,MA,2022-07-12 19:34:48,30.4202,-9.5982,73.85,70,63,1.66
254,Ulladulla,AU,2022-07-12 19:34:48,-35.35,150.4667,47.08,81,100,6.91
255,Hirara,JP,2022-07-12 19:34:48,24.8,125.2833,85.08,73,75,13.35
256,Nome,US,2022-07-12 19:33:18,64.5011,-165.4064,60.17,76,0,6.91
257,Cap-Aux-Meules,CA,2022-07-12 19:34:49,47.3821,-61.8597,68.05,60,75,25.32
258,Manga,BF,2022-07-12 19:34:49,11.6636,-1.0731,85.86,58,43,7.45
259,Kaposvar,HU,2022-07-12 19:30:01,46.3667,17.8,61.0,58,68,6.55
260,Price,US,2022-07-12 19:34:50,39.5994,-110.8107,90.66,17,0,8.05
261,Shunyi,CN,2022-07-12 19:34:50,40.125,116.6453,71.55,94,0,4.47
262,Akdepe,TM,2022-07-12 19:34:51,42.0551,59.3788,80.69,41,0,8.86
263,Cidreira,BR,2022-07-12 19:34:51,-30.1811,-50.2056,53.01,72,100,13.24
264,Tooele,US,2022-07-12 19:32:47,40.5308,-112.2983,96.85,23,0,11.5
265,Port Hedland,AU,2022-07-12 19:34:52,-20.3167,118.5667,59.05,44,4,10.36
266,Ambon,ID,2022-07-12 19:34:52,-3.6954,128.1814,76.23,16,40,4.61
267,Upernavik,GL,2022-07-12 19:34:53,72.7868,-56.1549,42.53,84,76,2.48
268,Akyab,MM,2022-07-12 19:34:53,20.15,92.9,80.51,87,100,16.11
269,Fetesti,RO,2022-07-12 19:34:54,44.3833,27.8333,73.54,73,46,11.01
270,Saint-Pierre,RE,2022-07-12 19:34:54,-21.3393,55.4781,67.68,77,20,8.05
271,Chanthaburi,TH,2022-07-12 19:34:54,12.8333,102.1667,68.14,98,100,2.19
272,Angleton,US,2022-07-12 19:34:55,29.1694,-95.4319,101.12,56,20,8.05
273,Hami,CN,2022-07-12 19:34:55,42.8,93.45,84.87,21,96,16.04
274,Harbin,CN,2022-07-12 19:32:31,45.75,126.65,69.75,74,100,4.27
275,Lulea,SE,2022-07-12 19:34:56,65.5842,22.1547,66.27,77,0,4.61
276,Lebyazhye,RU,2022-07-12 19:35:56,55.2689,66.4947,61.39,85,96,6.71
277,Kokopo,PG,2022-07-12 19:35:57,-4.352,152.2633,76.1,81,5,6.91
278,Wajima,JP,2022-07-12 19:35:57,37.4,136.9,74.88,90,25,5.26
279,Carutapera,BR,2022-07-12 19:35:58,-1.195,-46.02,79.36,89,99,6.53
280,Qaqortoq,GL,2022-07-12 19:35:58,60.7167,-46.0333,44.47,80,19,5.32
281,Fortuna,US,2022-07-12 19:35:59,40.5982,-124.1573,69.93,74,0,7.0
282,Sekoma,BW,2022-07-12 19:35:59,-24.4,23.8833,60.6,32,0,4.74
283,Lufilufi,WS,2022-07-12 19:36:00,-13.8745,-171.5986,80.37,77,33,20.87
284,Ayan,RU,2022-07-12 19:36:00,56.45,138.1667,58.46,98,97,1.07
285,Sabang,ID,2022-07-12 19:36:00,5.8933,95.3214,82.04,78,100,21.63
286,Dunedin,NZ,2022-07-12 19:31:59,-45.8742,170.5036,46.85,96,100,14.14
287,Narsaq,GL,2022-07-12 19:36:01,60.9167,-46.05,55.62,76,21,6.6
288,Matara,LK,2022-07-12 19:36:01,5.9485,80.5353,78.48,84,18,12.73
289,Pangody,RU,2022-07-12 19:36:02,65.85,74.4859,46.27,70,2,8.1
290,Canmore,CA,2022-07-12 19:36:02,51.0834,-115.3521,82.81,18,89,9.22
291,Tacoronte,ES,2022-07-12 19:36:03,28.4769,-16.4102,69.46,74,40,21.85
292,Mayahi,NE,2022-07-12 19:36:03,13.9553,7.6712,92.25,35,100,13.58
293,Bousso,TD,2022-07-12 19:36:03,10.4795,16.7117,75.24,85,100,6.71
294,La Ronge,CA,2022-07-12 19:36:04,55.1001,-105.2842,77.22,43,20,5.75
295,Avera,US,2022-07-12 19:36:04,33.194,-82.5271,85.51,57,100,5.66
296,Juneau,US,2022-07-12 19:35:25,58.3019,-134.4197,58.84,86,100,8.05
297,Ixtapa,MX,2022-07-12 19:36:05,20.7,-105.2,88.23,70,0,10.36
298,Christchurch,NZ,2022-07-12 19:36:05,-43.5333,172.6333,46.6,73,20,8.05
299,Schruns,AT,2022-07-12 19:36:06,47.0709,9.9475,67.82,100,29,2.13
300,Necochea,AR,2022-07-12 19:36:01,-38.5473,-58.7368,50.58,50,98,13.56
301,Egvekinot,RU,2022-07-12 19:36:06,66.3167,-179.1667,44.8,87,100,8.12
302,Fort Wellington,GY,2022-07-12 19:36:08,6.4,-57.6,82.36,72,80,9.35
303,Iqaluit,CA,2022-07-12 19:36:08,63.7506,-68.5145,56.93,77,100,3.44
304,Lingao,CN,2022-07-12 19:36:08,19.9103,109.6859,79.5,92,4,10.89
305,Penzance,GB,2022-07-12 19:36:09,50.1186,-5.5371,70.48,76,83,7.61
306,Baykit,RU,2022-07-12 19:36:10,61.67,96.37,50.18,79,100,2.21
307,Sambava,MG,2022-07-12 19:36:10,-14.2667,50.1667,69.24,90,28,10.45
308,Puerto Escondido,MX,2022-07-12 19:36:11,15.85,-97.0667,86.83,66,40,8.05
309,Barrow,US,2022-07-12 19:36:11,71.2906,-156.7887,37.42,87,100,10.36
310,Motygino,RU,2022-07-12 19:36:11,58.1831,94.7592,52.0,81,100,2.68
311,Arkhangelsk,RU,2022-07-12 19:36:12,64.5401,40.5433,69.91,82,20,4.47
312,Puyang,CN,2022-07-12 19:36:12,29.4603,119.8861,81.3,86,96,2.75
313,Ashland,US,2022-07-12 19:32:12,40.8167,-82.2665,84.4,52,7,16.06
314,Abu Samrah,SY,2022-07-12 19:36:13,35.3029,37.1841,78.85,54,0,9.4
315,Talnakh,RU,2022-07-12 19:36:13,69.4865,88.3972,45.21,72,97,10.27
316,La Joya,MX,2022-07-12 19:36:14,18.6667,-99.4667,88.16,49,36,3.22
317,Poum,NC,2022-07-12 19:36:14,-20.2333,164.0167,74.21,87,98,9.91
318,Rozkishne,UA,2022-07-12 19:36:15,48.5074,39.3004,65.68,50,0,5.12
319,Bethel,US,2022-07-12 19:36:15,41.3712,-73.414,90.36,63,20,14.97
320,Saint Anthony,US,2022-07-12 19:36:15,45.0205,-93.218,86.94,39,20,16.11
321,La Primavera,CO,2022-07-12 19:36:16,5.4906,-70.4092,82.35,77,63,8.03
322,Mandera,KE,2022-07-12 19:37:16,3.9366,41.867,83.05,42,94,20.62
323,Moses Lake,US,2022-07-12 19:37:17,47.1301,-119.2781,90.28,23,0,5.75
324,Srednekolymsk,RU,2022-07-12 19:37:17,67.45,153.6833,69.73,52,31,4.68
325,Chunoyar,RU,2022-07-12 19:37:18,57.4467,97.3217,56.77,57,100,2.57
326,Beringovskiy,RU,2022-07-12 19:37:18,63.05,179.3167,54.59,72,100,9.73
327,Honningsvag,NO,2022-07-12 19:37:19,70.9821,25.9704,58.75,77,33,2.3
328,Beloha,MG,2022-07-12 19:37:19,-25.1667,45.05,61.93,92,0,5.35
329,Sumbe,AO,2022-07-12 19:37:19,-11.2061,13.8437,68.76,92,68,6.93
330,Haines Junction,CA,2022-07-12 19:37:20,60.7522,-137.5108,46.35,93,100,0.0
331,Rivadavia,AR,2022-07-12 19:37:20,-33.1905,-68.4608,56.59,23,0,11.41
332,Ravar,IR,2022-07-12 19:37:21,31.2656,56.8055,80.47,17,0,12.03
333,Calabaca,PH,2022-07-12 19:37:21,14.3001,122.4336,79.14,87,100,2.55
334,Nanortalik,GL,2022-07-12 19:37:22,60.1432,-45.2371,43.0,85,45,9.26
335,Lima,PE,2022-07-12 19:37:11,-12.0432,-77.0282,62.85,68,100,8.05
336,Pisco,PE,2022-07-12 19:34:43,-13.7,-76.2167,64.45,77,40,8.05
337,Gizo,SB,2022-07-12 19:37:23,-8.103,156.8419,81.19,73,13,3.42
338,Itarema,BR,2022-07-12 19:37:23,-2.9248,-39.9167,80.4,78,82,14.72
339,San Policarpo,PH,2022-07-12 19:37:24,12.1791,125.5072,78.1,86,85,3.22
340,Sorland,NO,2022-07-12 19:37:24,67.667,12.6934,57.06,95,100,15.12
341,Prince Rupert,CA,2022-07-12 19:32:31,54.3161,-130.3201,53.69,87,100,12.66
342,Moose Factory,CA,2022-07-12 19:37:25,51.2585,-80.6094,68.0,55,20,13.8
343,San Miguel,SV,2022-07-12 19:37:25,13.4833,-88.1833,91.0,64,20,2.3
344,Yiyang,CN,2022-07-12 19:37:26,28.5892,112.3283,81.84,82,9,7.43
345,Alpena,US,2022-07-12 19:37:26,45.0617,-83.4327,70.12,79,100,8.05
346,Atar,MR,2022-07-12 19:37:27,20.5169,-13.0499,103.89,14,96,10.38
347,San Rafael,AR,2022-07-12 19:37:27,-34.6177,-68.3301,59.88,22,97,15.5
348,Inhambane,MZ,2022-07-12 19:37:27,-23.865,35.3833,66.18,88,20,0.0
349,Belyy Yar,RU,2022-07-12 19:37:28,53.6039,91.3903,55.29,79,0,4.47
350,Ejby,DK,2022-07-12 19:37:28,55.4858,12.0817,73.11,68,40,9.22
351,Caucaia,BR,2022-07-12 19:37:29,-3.7361,-38.6531,85.95,69,20,12.66
352,Acapulco,MX,2022-07-12 19:36:09,16.8634,-99.8901,85.82,74,40,6.91
353,Manggar,ID,2022-07-12 19:37:29,-2.8833,108.2667,79.75,82,100,3.24
354,Awbari,LY,2022-07-12 19:37:30,26.5921,12.7805,88.92,24,0,11.3
355,Selma,US,2022-07-12 19:37:30,36.5708,-119.6121,100.63,35,0,5.75
356,Franca,BR,2022-07-12 19:35:00,-20.5386,-47.4008,72.91,36,100,3.91
357,Guymon,US,2022-07-12 19:37:31,36.6828,-101.4816,84.2,45,0,11.5
358,Jalu,LY,2022-07-12 19:37:31,29.0331,21.5482,84.72,35,0,16.6
359,Beroroha,MG,2022-07-12 19:37:31,-21.6667,45.1667,64.83,50,0,4.34
360,Halifax,CA,2022-07-12 19:34:55,44.6453,-63.5724,73.29,63,20,16.11
361,Sterling,US,2022-07-12 19:33:35,39.0062,-77.4286,93.25,57,40,14.0
362,Axim,GH,2022-07-12 19:37:32,4.8699,-2.2405,75.74,81,100,10.16
363,Longyearbyen,SJ,2022-07-12 19:37:33,78.2186,15.6401,46.24,93,75,2.3
364,Lincoln,US,2022-07-12 19:36:07,40.8,-96.667,88.02,40,0,11.5
365,Yumen,CN,2022-07-12 19:37:33,40.2833,97.2,77.58,15,73,16.44
366,Nunkini,MX,2022-07-12 19:37:34,20.3333,-90.1833,100.54,30,100,8.39
367,Umm Lajj,SA,2022-07-12 19:37:34,25.0213,37.2685,88.66,55,100,8.19
368,Fare,PF,2022-07-12 19:38:34,-16.7,-151.0167,78.04,71,7,9.84
369,Yertsevo,RU,2022-07-12 19:38:35,60.7966,40.086,62.06,98,100,5.57
370,Kalmunai,LK,2022-07-12 19:38:36,7.4167,81.8167,78.48,65,46,6.35
371,Yulara,AU,2022-07-12 19:38:36,-25.2406,130.9889,43.54,74,0,8.41
372,Lubao,PH,2022-07-12 19:38:37,14.9167,120.55,80.31,87,98,1.7
373,Royan,FR,2022-07-12 19:38:37,45.6285,-1.0281,82.81,48,48,9.93
374,Liverpool,GB,2022-07-12 19:35:20,53.4106,-2.9779,74.91,58,0,12.66
375,Vestmannaeyjar,IS,2022-07-12 19:38:38,63.4427,-20.2734,54.59,76,40,23.02
376,Isiro,CD,2022-07-12 19:38:38,2.7739,27.616,68.11,95,100,0.98
377,Oksfjord,NO,2022-07-12 19:38:38,70.2396,22.3479,64.47,58,36,8.77
378,Port-Gentil,GA,2022-07-12 19:38:39,-0.7193,8.7815,73.36,88,100,10.36
379,Pingliang,CN,2022-07-12 19:38:39,35.5392,106.6861,67.26,86,100,2.13
380,Kajaani,FI,2022-07-12 19:38:40,64.2273,27.7285,64.45,94,35,1.14
381,Batemans Bay,AU,2022-07-12 19:38:40,-35.7167,150.1833,53.1,78,100,4.81
382,Eirunepe,BR,2022-07-12 19:38:40,-6.6603,-69.8736,84.42,62,100,1.01
383,Urumqi,CN,2022-07-12 19:38:41,43.801,87.6005,68.95,53,0,2.24
384,Kokoda,PG,2022-07-12 19:38:41,-8.8785,147.7407,71.35,80,18,2.71
385,Lorengau,PG,2022-07-12 19:38:42,-2.0226,147.2712,81.14,80,99,8.39
386,Mustasaari,FI,2022-07-12 19:38:42,63.1142,21.6822,67.95,64,0,4.61
387,Abu Zabad,SD,2022-07-12 19:38:43,12.35,29.25,77.09,72,50,5.44
388,Sihora,IN,2022-07-12 19:38:43,23.4833,80.1167,84.85,60,100,6.46
389,Atocha,BO,2022-07-12 19:35:26,-20.9333,-66.2333,48.38,7,13,20.51
390,Hovd,MN,2022-07-12 19:38:44,48.0056,91.6419,66.65,46,100,6.38
391,Laon,FR,2022-07-12 19:38:44,49.5667,3.6667,72.72,43,100,2.33
392,Esil,KZ,2022-07-12 19:38:45,51.9556,66.4042,69.75,67,6,6.22
393,Eyl,SO,2022-07-12 19:38:45,7.9803,49.8164,78.39,73,100,23.17
394,Toppenish,US,2022-07-12 19:34:02,46.3774,-120.3087,95.02,17,0,2.17
395,Bocas Del Toro,PA,2022-07-12 19:38:46,9.3333,-82.25,81.79,80,37,15.57
396,Bodden Town,KY,2022-07-12 19:38:46,19.2833,-81.25,89.6,66,20,8.05
397,Mpongwe,ZM,2022-07-12 19:38:46,-13.5091,28.155,63.39,50,99,9.44
398,Ambositra,MG,2022-07-12 19:38:47,-20.5167,47.25,50.59,95,54,3.67
399,Lodja,CD,2022-07-12 19:38:47,-3.4833,23.4333,77.14,37,71,1.01
400,Wuwei,CN,2022-07-12 19:38:48,37.9281,102.6414,69.19,53,4,3.62
401,Ajdabiya,LY,2022-07-12 19:38:48,30.7554,20.2263,79.68,59,0,17.11
402,Carauari,BR,2022-07-12 19:38:49,-4.8828,-66.8958,86.05,61,87,2.19
403,Kuching,MY,2022-07-12 19:38:49,1.55,110.3333,77.22,94,20,0.0
404,Gorontalo,ID,2022-07-12 19:38:50,0.5412,123.0595,74.75,95,96,2.89
405,Burnie,AU,2022-07-12 19:38:50,-41.0667,145.9167,41.94,81,11,5.39
406,Buraydah,SA,2022-07-12 19:38:51,26.326,43.975,93.65,11,99,8.37
407,Atasu,KZ,2022-07-12 19:38:51,48.6814,71.6433,67.64,41,0,12.88
408,Buala,SB,2022-07-12 19:38:51,-8.145,159.5921,79.84,83,31,8.16
409,Kindu,CD,2022-07-12 19:38:52,-2.95,25.95,77.34,51,72,2.17
410,Leeton,AU,2022-07-12 19:38:52,-34.5667,146.4,42.85,100,100,4.61
411,Xapuri,BR,2022-07-12 19:39:53,-10.6517,-68.5044,95.63,31,36,5.46
412,Bintulu,MY,2022-07-12 19:39:53,3.1667,113.0333,73.81,94,20,3.44
413,Tomatlan,MX,2022-07-12 19:39:54,19.9333,-105.25,91.54,53,4,9.44
414,Rock Springs,US,2022-07-12 19:39:54,41.5875,-109.2029,89.24,16,0,9.22
415,Vila Velha,BR,2022-07-12 19:39:54,-20.3297,-40.2925,80.55,73,20,11.99
416,Praia,CV,2022-07-12 19:39:55,14.9215,-23.5087,81.14,69,0,12.66
417,Turtas,RU,2022-07-12 19:39:55,58.9417,69.1325,61.14,71,100,5.48
418,Ploufragan,FR,2022-07-12 19:35:27,48.4914,-2.7946,80.56,56,0,4.61
419,Nushki,PK,2022-07-12 19:39:56,29.5542,66.0215,87.55,45,39,10.63
420,Peniche,PT,2022-07-12 19:39:56,39.3558,-9.3811,76.1,60,100,3.62
421,Salalah,OM,2022-07-12 19:39:57,17.0151,54.0924,78.89,89,100,6.91
422,Maniitsoq,GL,2022-07-12 19:39:57,65.4167,-52.9,41.32,97,100,12.53
423,Tabou,CI,2022-07-12 19:39:57,4.423,-7.3528,76.59,78,100,11.05
424,Marawi,PH,2022-07-12 19:39:58,7.9986,124.2928,69.12,93,48,2.37
425,Lebu,CL,2022-07-12 19:39:58,-37.6167,-73.65,50.41,89,95,5.32
426,Annau,TM,2022-07-12 19:39:59,37.8876,58.516,83.7,21,0,2.3
427,Alyangula,AU,2022-07-12 19:39:59,-13.8483,136.4192,67.23,53,11,14.67
428,Yabassi,CM,2022-07-12 19:39:59,4.457,9.9682,73.27,98,100,2.08
429,Ostrovnoy,RU,2022-07-12 19:40:00,68.0531,39.5131,57.6,97,100,4.12
430,Denpasar,ID,2022-07-12 19:35:42,-8.65,115.2167,78.46,83,40,16.11
431,Kahului,US,2022-07-12 19:40:01,20.8947,-156.47,83.97,65,40,15.01
432,Ahmadpur East,PK,2022-07-12 19:40:01,29.1431,71.2598,95.23,50,4,9.78
433,Vila Do Maio,CV,2022-07-12 19:40:01,15.1333,-23.2167,81.39,76,4,4.18
434,Bridlington,GB,2022-07-12 19:40:02,54.0831,-0.1919,73.33,62,35,10.13
435,Sangar,RU,2022-07-12 19:40:02,63.9242,127.4739,59.68,86,66,0.6
436,Dana Point,US,2022-07-12 19:40:03,33.467,-117.6981,81.97,75,34,5.99
437,Chany,RU,2022-07-12 19:40:03,55.3121,76.7647,55.54,81,33,6.96
438,Vibo Valentia,IT,2022-07-12 19:40:04,38.6996,16.1274,72.19,77,1,2.15
439,Ardesen,TR,2022-07-12 19:40:04,41.1911,40.9875,73.02,77,99,4.56
440,Yar-Sale,RU,2022-07-12 19:40:04,66.8333,70.8333,46.17,69,94,5.08
441,Jimenez,MX,2022-07-12 19:40:05,28.3333,-105.4,96.48,17,52,8.32
442,Iracoubo,GF,2022-07-12 19:40:05,5.4802,-53.2011,81.82,74,92,7.29
443,Wilnsdorf,DE,2022-07-12 19:40:06,50.8167,8.1,72.1,60,0,5.75
444,Melioratorov,RU,2022-07-12 19:40:06,57.2107,65.6077,59.63,82,0,2.24
445,Waitati,NZ,2022-07-12 19:40:06,-45.75,170.5667,46.72,97,100,9.62
446,Saint-Joseph,RE,2022-07-12 19:40:07,-21.3667,55.6167,66.58,65,29,11.18
447,Madimba,TZ,2022-07-12 19:40:07,-10.4,40.3333,70.36,84,11,10.13
448,Guhagar,IN,2022-07-12 19:40:08,17.4842,73.1929,78.37,86,100,17.69
449,Ahipara,NZ,2022-07-12 19:40:08,-35.1667,173.1667,58.19,85,93,11.61
450,Puerto Leguizamo,CO,2022-07-12 19:40:08,-0.1934,-74.7819,84.96,60,64,3.38
451,Nalvo,PH,2022-07-12 19:40:09,16.8096,120.5108,73.49,95,100,3.06
452,Shouguang,CN,2022-07-12 19:40:09,36.88,118.7375,73.06,94,90,11.43
453,Tuy Hoa,VN,2022-07-12 19:38:07,13.0833,109.3,76.68,93,74,4.72
454,Dudinka,RU,2022-07-12 19:40:10,69.4058,86.1778,45.63,71,58,12.62
455,Qasigiannguit,GL,2022-07-12 19:40:10,68.8193,-51.1922,44.85,87,100,3.76
456,Bethanien,NA,2022-07-12 19:40:11,-26.502,17.1583,57.31,26,0,5.57
457,Boulsa,BF,2022-07-12 19:40:11,12.6675,-0.5758,91.27,39,38,6.53
458,Porto Santo,PT,2022-07-12 19:40:12,33.072,-16.3415,70.18,68,20,8.05
459,Tura,IN,2022-07-12 19:40:12,25.5198,90.2201,76.37,88,100,3.71
460,Kalianget,ID,2022-07-12 19:40:12,-7.05,113.9333,79.9,81,72,9.71
461,Zverinogolovskoye,RU,2022-07-12 19:41:13,54.4586,64.8542,63.45,92,46,7.07
462,Tikhvin,RU,2022-07-12 19:41:13,59.6451,33.5294,68.22,90,53,5.77
463,Maltahohe,NA,2022-07-12 19:41:14,-24.8333,16.9833,56.5,26,0,7.56
464,Santa Vitoria Do Palmar,BR,2022-07-12 19:41:14,-33.5189,-53.3681,48.4,69,77,6.51
465,Council Bluffs,US,2022-07-12 19:37:45,41.2619,-95.8608,87.53,43,20,11.5
466,Souillac,MU,2022-07-12 19:41:15,-20.5167,57.5167,71.98,64,75,16.11
467,Namibe,AO,2022-07-12 19:41:15,-15.1961,12.1522,63.55,85,1,3.49
468,Hualmay,PE,2022-07-12 19:41:16,-11.0964,-77.6139,65.46,69,14,8.97
469,Tukrah,LY,2022-07-12 19:41:16,32.5341,20.5791,77.0,69,0,12.21
470,Lalmohan,BD,2022-07-12 19:41:16,22.3384,90.7419,83.16,84,82,18.05
471,Kalmar,SE,2022-07-12 19:41:17,56.6616,16.3616,66.96,79,61,6.33
472,Makakilo City,US,2022-07-12 19:36:55,21.3469,-158.0858,80.92,64,75,13.8
473,Kharan,PK,2022-07-12 19:41:17,28.5833,65.4167,87.26,53,8,3.06
474,Udachnyy,RU,2022-07-12 19:41:18,66.4167,112.4,50.45,93,0,4.34
475,Tongzi,CN,2022-07-12 19:41:18,28.7829,105.0877,80.98,90,100,2.42
476,Chama,CH,2022-07-12 19:41:19,47.1821,8.4636,75.24,41,96,2.3
477,Hurghada,EG,2022-07-12 19:41:19,27.2574,33.8129,91.44,27,0,13.8
478,Caldas Novas,BR,2022-07-12 19:41:20,-17.7417,-48.625,81.21,28,58,1.36
479,Vagay,RU,2022-07-12 19:41:20,57.9375,69.0217,60.26,75,88,2.26
480,Mende,FR,2022-07-12 19:41:21,44.6667,3.5,60.33,51,3,5.73
481,Xuanzhou,CN,2022-07-12 19:41:21,30.9525,118.7553,84.79,71,97,2.75
482,Manali,IN,2022-07-12 19:41:22,13.1667,80.2667,86.09,64,100,14.65
483,Provideniya,RU,2022-07-12 19:41:22,64.3833,-173.3,53.56,72,99,5.75
484,Winkler,CA,2022-07-12 19:41:23,49.1817,-97.941,78.8,50,0,13.8
485,Juybar,IR,2022-07-12 19:41:23,36.6412,52.9124,80.69,69,0,1.74
486,Mitsamiouli,KM,2022-07-12 19:41:23,-11.3847,43.2844,77.05,69,20,5.66
487,Sydney,AU,2022-07-12 19:40:35,-33.8679,151.2073,50.72,79,75,14.97
488,Kaeo,NZ,2022-07-12 19:41:24,-35.1,173.7833,53.33,96,87,11.1
489,Bandundu,CD,2022-07-12 19:41:24,-3.3167,17.3667,82.35,29,92,2.55
490,Qingdao,CN,2022-07-12 19:41:25,36.0986,120.3719,76.6,100,100,13.42
491,Uaua,BR,2022-07-12 19:41:25,-9.8414,-39.4817,80.22,55,78,15.52
492,Jumla,NP,2022-07-12 19:41:26,29.2747,82.1838,63.57,96,90,1.7
493,Saint-Prosper,CA,2022-07-12 19:41:26,46.2117,-70.4811,75.49,94,36,12.91
494,Benito Juarez,MX,2022-07-12 19:41:26,19.385,-99.165,77.0,37,75,4.61
495,Terney,RU,2022-07-12 19:41:27,45.0503,136.6092,64.45,96,100,5.32
496,Margate,GB,2022-07-12 19:41:27,51.3813,1.3862,75.87,57,100,1.99
497,Aklavik,CA,2022-07-12 19:41:28,68.2191,-135.0107,48.2,93,100,16.11
498,General Pico,AR,2022-07-12 19:41:15,-35.6566,-63.7568,59.14,19,95,13.76
499,Celestun,MX,2022-07-12 19:41:28,20.8667,-90.4,88.72,61,100,10.83
500,Clyde River,CA,2022-07-12 19:41:29,70.4692,-68.5914,46.63,66,20,5.75
501,Mehamn,NO,2022-07-12 19:41:29,71.0357,27.8492,62.55,72,0,0.0
502,Ahuimanu,US,2022-07-12 19:41:30,21.4447,-157.8378,82.11,72,100,9.22
503,Amuntai,ID,2022-07-12 19:41:30,-2.4177,115.2494,73.04,99,81,0.67
504,Icod De Los Vinos,ES,2022-07-12 19:41:31,28.3724,-16.7119,73.67,80,8,6.35
505,Anzio,IT,2022-07-12 19:41:31,41.4853,12.6179,80.85,81,0,5.91
506,Zarumilla,PE,2022-07-12 19:41:31,-3.5031,-80.2731,73.24,78,100,6.91
507,Yining,CN,2022-07-12 19:42:32,29.0361,114.5636,78.87,84,98,1.54
508,Gunjur,GM,2022-07-12 19:42:32,13.2019,-16.7339,84.27,79,40,10.36
509,Usta Muhammad,PK,2022-07-12 19:42:33,28.1794,68.0445,97.48,43,39,9.48
510,Sisimiut,GL,2022-07-12 19:42:33,66.9395,-53.6735,42.57,83,68,5.01
511,Mashhad,IR,2022-07-12 19:42:34,36.297,59.6062,75.34,38,0,0.0
512,Tigil,RU,2022-07-12 19:42:34,57.8,158.6667,69.17,76,2,6.15
513,Burgeo,CA,2022-07-12 19:42:34,47.6167,-57.6152,60.76,84,3,11.43
514,Lethem,GY,2022-07-12 19:42:35,3.3803,-59.7968,85.46,68,72,3.96
515,La Reforma,MX,2022-07-12 19:42:35,25.0833,-108.05,91.0,58,15,12.41
516,Constitucion,CL,2022-07-12 19:42:36,-35.3333,-72.4167,52.86,66,100,2.37
517,Vanavara,RU,2022-07-12 19:42:36,60.34,102.2797,50.74,72,100,2.73
518,Cayenne,GF,2022-07-12 19:42:36,4.9333,-52.3333,86.04,16,20,11.5
519,Birao,CF,2022-07-12 19:42:37,10.2849,22.7882,71.67,89,44,4.43
520,Pyskowice,PL,2022-07-12 19:42:37,50.4,18.6333,67.33,59,97,5.99
521,Bitung,ID,2022-07-12 19:42:38,1.4451,125.1824,77.85,87,100,13.38
522,Totness,SR,2022-07-12 19:42:38,5.8833,-56.3167,81.45,79,98,9.64
523,Kununurra,AU,2022-07-12 19:39:14,-15.7667,128.7333,62.58,19,0,13.8
524,Kojnare,BG,2022-07-12 19:42:39,43.35,24.1333,68.11,33,97,4.9
525,Abalak,RU,2022-07-12 19:42:39,58.1286,68.5944,60.42,74,88,3.71
526,Banda Aceh,ID,2022-07-12 19:42:40,5.5577,95.3222,79.75,77,100,13.18
527,Kano,NG,2022-07-12 19:42:40,12.0001,8.5167,80.82,65,100,9.46
528,Kashi,CN,2022-07-12 19:42:40,39.4547,75.9797,76.21,35,95,11.18
529,Sibiti,CG,2022-07-12 19:42:41,-3.6819,13.3499,72.28,56,93,2.55
530,Baracoa,CU,2022-07-12 19:42:41,20.3467,-74.4958,87.48,63,100,7.16
531,Okato,NZ,2022-07-12 19:42:42,-39.2,173.8833,56.17,85,50,7.0
532,Waingapu,ID,2022-07-12 19:42:42,-9.6567,120.2641,71.2,79,99,10.67
533,Severo-Kurilsk,RU,2022-07-12 19:38:58,50.6789,156.125,54.46,92,57,1.43
534,Datong,CN,2022-07-12 19:42:43,40.0936,113.2914,68.25,80,0,0.29
535,Laredo,US,2022-07-12 19:39:08,27.5064,-99.5075,102.49,35,0,5.75
536,Mangan,IN,2022-07-12 19:42:44,27.5167,88.5333,76.37,89,100,0.76
537,Sao Raimundo Nonato,BR,2022-07-12 19:42:44,-9.0153,-42.6994,89.33,26,48,7.58
538,Uvinza,TZ,2022-07-12 19:42:44,-5.1036,30.3911,68.85,53,26,2.39
539,Oyama,JP,2022-07-12 19:42:45,36.3,139.8,76.59,94,100,4.45
540,Palmer,US,2022-07-12 19:41:21,42.1584,-72.3287,89.2,59,40,18.41
541,Sisophon,KH,2022-07-12 19:42:45,13.5859,102.9737,76.26,88,100,12.95
542,Bandiagara,ML,2022-07-12 19:42:46,14.3501,-3.6104,92.55,38,19,5.1
543,Fairbanks,US,2022-07-12 19:42:46,64.8378,-147.7164,73.22,80,40,3.44
